{
  "project_info": {
    "project_number": "151030131020",
    "firebase_url": "https://partygurus-87161.firebaseio.com",
    "project_id": "partygurus-87161",
    "storage_bucket": "partygurus-87161.appspot.com"
  },
  "client": [
    {
      "client_info": {
        "mobilesdk_app_id": "1:151030131020:android:6fddbf0bc1b4e2c3",
        "android_client_info": {
          "package_name": "com.example.project"
        }
      },
      "oauth_client": [
        {
          "client_id": "151030131020-iap7hsv826mgqvfhon24c3nnp3hgg7am.apps.googleusercontent.com",
          "client_type": 3
        }
      ],
      "api_key": [
        {
          "current_key": "AIzaSyDk9uOHxWnAciKJcdG_ufxsPDz9Pkbj3AY"
        }
      ],
      "services": {
        "appinvite_service": {
          "other_platform_oauth_client": [
            {
              "client_id": "151030131020-iap7hsv826mgqvfhon24c3nnp3hgg7am.apps.googleusercontent.com",
              "client_type": 3
            }
          ]
        }
      }
    }
  ],
  "configuration_version": "1"
}